<?xml version="1.0" encoding="UTF-8"?>
<!-- <configuration scan="true" scanPeriod="1 seconds"> -->
<configuration debug="true">
	<property name="LOG_HOME" value="D:/tomcatlog/apiwas" />
	<property name="LOG_LEVEL" value="DEBUG" />
<!--
	<appender name="STDOUT" class="ch.qos.logback.core.ConsoleAppender">
		<encoder class="ch.qos.logback.classic.encoder.PatternLayoutEncoder">
			<pattern>%d{HH:mm:ss.SSS} [%-5level] %logger{1000} - %msg%n</pattern>
		</encoder>
	</appender>
-->
	
    <appender name="console" class="ch.qos.logback.core.ConsoleAppender">
        <encoder>
            <pattern>
                ▶ %-5level %d{HH:mm:ss.SSS} [%thread] %logger[%method:%line] - %msg%n
            </pattern>
        </encoder>
    </appender>
    <appender name="STDOUT" class="ch.qos.logback.core.rolling.RollingFileAppender">
        <file>${LOG_HOME}/stdout_now.log</file>
        <rollingPolicy class="ch.qos.logback.core.rolling.SizeAndTimeBasedRollingPolicy">
            <!-- 파일이 시간당 한개씩 생성된다  -->
            <fileNamePattern>${LOG_HOME}/stdout/%d{yyyy-MM-dd_HH}.%i.log</fileNamePattern>
            <!-- 파일당 최대 용량. -->
            <maxFileSize>300MB</maxFileSize>
            <!-- maxHIstory 설정은 로그 쌓이는 갯수를 의미한다. 이 설정이면 최대 15일까지만 저장한다. -->
            <maxHistory>720</maxHistory>
            <totalSizeCap>50GB</totalSizeCap>

        </rollingPolicy>
        <encoder>
            <pattern>
                ▶ %-5level %d{HH:mm:ss.SSS} [%thread] %logger[%method:%line] - %msg%n
            </pattern>
        </encoder>
    </appender>
	
    <appender name="STDERR" class="ch.qos.logback.core.rolling.RollingFileAppender">
        <file>${LOG_HOME}/error_now.log</file>
        <filter class="ch.qos.logback.classic.filter.ThresholdFilter">
            <level>ERROR</level>
        </filter>
        <rollingPolicy class="ch.qos.logback.core.rolling.SizeAndTimeBasedRollingPolicy">
            <!-- 파일이 시간당 한개씩 생성된다  -->
            <fileNamePattern>${LOG_HOME}/error/%d{yyyy-MM-dd_HH}.%i.log</fileNamePattern>
            <!-- 파일당 최대 용량. -->
            <maxFileSize>100MB</maxFileSize>
            <!-- maxHIstory 설정은 로그 쌓이는 갯수를 의미한다. 이 설정이면 최대 30일까지만 저장한다. -->
            <maxHistory>720</maxHistory>
            <totalSizeCap>50GB</totalSizeCap>
        </rollingPolicy>

        <encoder>
            <pattern>
                ▶ %-5level %d{HH:mm:ss.SSS} [%thread] %logger[%method:%line] - %msg%n
            </pattern>
        </encoder>
    </appender>
	
	<logger name="com.surem" level="DEBUG"></logger>

	<logger name="com.surem.alimtalk.rest.common.menu" level="ERROR"></logger>

	<logger name="com.surem.alimtalk.rest.common.valuelabel" level="ERROR"></logger>

	<logger name="org.springframework" level="INFO"></logger>

	<logger name="org.apache.ibatis" level="ERROR"></logger>
	<logger name="org.apache.commons.beanutils" level="ERROR"></logger>

	<logger name="org.mybatis.spring" level="DEBUG"></logger>
	<logger name="org.springframework.web.servlet.mvc.method.annotation.RequestResponseBodyMethodProcessor" level="DEBUG"></logger>

	<logger name="com.zaxxer.hikari.pool" level="INFO"></logger>
	<logger name="org.jdbcdslog" level="ERROR"></logger>
	<logger name="org.jdbcdslog.StatementLogger" level="ERROR"></logger>
	<logger name="org.jdbcdslog.ResultSetLogger" level="ERROR"></logger>
	
	<logger name="org.apache.http.impl.conn.PoolingHttpClientConnectionManager">
	    <level value="WARN"/>
	    <appender-ref ref="MyLogFile"/>
	</logger>


    <root level='${LOG_LEVEL}'>
        <appender-ref ref="console"/>
        <appender-ref ref="STDERR"/>
        <appender-ref ref="STDOUT"/>
    </root>
    
<!-- 	<root level="DEBUG"> -->
<!-- 		<appender-ref ref="STDOUT" /> -->
<!-- 	</root> -->
	
<!-- 	<root level='INFO'> -->
<!--         <appender-ref ref="console"/> -->
<!--         <appender-ref ref="STDERR"/> -->
<!--         <appender-ref ref="STDOUT"/> -->
<!--     </root> -->
</configuration>