<?xml version="1.0" encoding="UTF-8" ?>
<!DOCTYPE configuration
  PUBLIC "-//mybatis.org//DTD Config 3.0//EN"
  "http://mybatis.org/dtd/mybatis-3-config.dtd">
<configuration>
  <environments default="SuremWholeDB">
    <environment id="SuremWholeDB">
      <transactionManager type="JDBC"/>
		<!-- 개발 --> 
      <!-- <dataSource type="POOLED">
        <property name="driver" value="com.microsoft.sqlserver.jdbc.SQLServerDriver"/>
        <property name="url" value="jdbc:sqlserver://106.248.180.13:1433;databaseName=surem"/>
        <property name="username" value="sa"/>
        <property name="password" value="tbdjdpa1!"/>
      </dataSource> -->
          
		<!-- 운영 -->
       <dataSource type="POOLED">
         <property name="driver" value="com.microsoft.sqlserver.jdbc.SQLServerDriver"/>
         <property name="url" value="jdbc:sqlserver://192.168.0.56:1433;databaseName=surem"/>
         <property name="username" value="appdev"/>
         <property name="password" value="qhdksroqkf1^^@"/>
       </dataSource>

<!--       <dataSource type="POOLED">  -->
<!--         <property name="driver" value="com.microsoft.sqlserver.jdbc.SQLServerDriver"/>  -->
<!--         <property name="url" value="jdbc:sqlserver://211.215.23.65:1433;databaseName=surem"/>  -->
<!--         <property name="username" value="appadm"/>  -->
<!--       	<property name="password" value="mgozldqkddjv"/>  -->
<!--       </dataSource> -->
    
    </environment>
 
    
<!--     <environment id="SuremDB17"> -->
<!--       <transactionManager type="JDBC"/> -->
<!--       <dataSource type="POOLED"> -->
<!--         <property name="driver" value="com.microsoft.sqlserver.jdbc.SQLServerDriver"/> -->
<!--         <property name="url" value="jdbc:sqlserver://218.145.161.17:1433;databaseName=surem"/> -->
<!--         <property name="username" value="appadm"/> -->
<!--         <property name="password" value="mgozldqkddjv"/> -->
<!--       </dataSource> -->
<!--     </environment>   -->
  </environments>     
  
  <mappers>
    <mapper resource="com/sos/board/Board.xml"/>
  </mappers>
</configuration>
